SD1,SD2,sampen,higuci,label
45.42521662879436,88.61986868145719,-43.258605043811876,8.968712168035623,1
